r,deviance,nu,JIC
0,-13.524044646812612,0.030448301618735667,-13.493596345193877
5,-13.52535019088139,0.03769789724224416,-13.487652293639146
10,-13.526764814697712,0.04494749286575265,-13.48181732183196
15,-13.528363797285195,0.05219708848926114,-13.476166708795933
20,-13.530391837715486,0.05944668411276965,-13.470945153602717
25,-13.534007620669998,0.06669627973627813,-13.467311340933719
30,-13.599772641274633,0.07394587535978663,-13.525826765914847
